{"sections":{"banner_with_line_V7VEd7":{"type":"banner-with-line","settings":{"background_image":"shopify:\/\/shop_images\/group.png","title":"Las mejores raquetas para jugar","highlight_text":"Tennis","button_link":"shopify:\/\/pages\/about-us","button_text":"ACERCA DE NOSOTROS →"}},"text_and_button_TCck8i":{"type":"text-and-button","settings":{"highlight":"TENNIS","button_text":"HISTORIA","url":"shopify:\/\/pages\/story"}},"slider_carousel_rPN89a":{"type":"slider-carousel","blocks":{"image_X3HMQj":{"type":"image","settings":{"image":"shopify:\/\/shop_images\/ball-color-court.png","title":"Nuestras <strong>Raquetas<\/strong>","text":"<p>Conoce nuestras raquetas y aprende a jugar Tennis cómo un profesional.<\/p>"}},"image_ibKUwr":{"type":"image","settings":{"image":"shopify:\/\/shop_images\/tennis_balls.png","title":"Pelotas <strong>Nuevas<\/strong>","text":"<p>Todas nuestras pelotas son guardadas a presion siendo las mejores del mercado.<\/p>"}},"image_3kzUGz":{"type":"image","settings":{"image":"shopify:\/\/shop_images\/gorra_de_tenis.png","title":"Mejores <strong>Gorras<\/strong>","text":"<p>Nos esforzamos en darte la mejor calidad.<\/p>"}}},"block_order":["image_X3HMQj","image_ibKUwr","image_3kzUGz"],"settings":{"color_scheme":"","button_color":"#000000"}},"simple_banner_Hpz6xj":{"type":"simple-banner","settings":{"banner_image":"shopify:\/\/shop_images\/action-athlete-ball-342361.png","banner_height":586}}},"order":["banner_with_line_V7VEd7","text_and_button_TCck8i","slider_carousel_rPN89a","simple_banner_Hpz6xj"]}